transaction_id,user_id,amount,transaction_date,currency
TXN00001,117,4279.84,2025-01-26,EUR
TXN00002,126,1716.44,2025-02-03,EUR
TXN00003,128,3639.62,2025-06-24,EUR
TXN00004,129,85.5,2025-04-09,EUR
TXN00005,191,4160.22,2025-05-21,EUR
TXN00006,193,1161.44,2025-06-16,EUR
TXN00007,131,2794.82,2025-04-23,EUR
TXN00008,168,1312.73,2025-03-26,EUR
TXN00009,193,4965.59,2025-04-04,EUR
TXN00010,145,4528.88,2025-06-16,EUR
TXN00011,131,1334.76,2025-06-03,EUR
TXN00012,140,211.96,2025-06-22,EUR
TXN00013,176,1622.39,2025-03-03,EUR
TXN00014,121,2757.65,2025-06-14,EUR
TXN00015,133,3847.88,2025-06-05,EUR
TXN00016,128,524.04,2025-02-11,EUR
TXN00017,145,1316.38,2025-02-19,EUR
TXN00018,143,3026.61,2025-02-23,EUR
TXN00019,173,682.01,2025-04-18,EUR
TXN00020,102,16.23,2025-04-02,EUR
TXN00021,152,3264.5,2025-05-03,EUR
TXN00022,176,4052.17,2025-06-22,EUR
TXN00023,171,4619.16,2025-01-10,EUR
TXN00024,190,577.12,2025-05-25,EUR
TXN00025,140,3524.33,2025-05-27,EUR
TXN00026,166,444.71,2025-06-26,EUR
TXN00027,168,284.26,2025-02-15,EUR
TXN00028,180,1381.07,2025-03-11,EUR
TXN00029,190,124.96,2025-05-15,EUR
TXN00030,175,1492.39,2025-01-01,EUR
TXN00031,152,3556.09,2025-01-03,EUR
TXN00032,151,2784.55,2025-04-20,EUR
TXN00033,171,720.1,2025-01-15,EUR
TXN00034,194,3135.41,2025-04-10,EUR
TXN00035,147,376.97,2025-03-20,EUR
TXN00036,125,1420.63,2025-05-22,EUR
TXN00037,190,1702.51,2025-04-05,EUR
TXN00038,139,493.98,2025-03-20,EUR
TXN00039,139,2921.08,2025-01-25,EUR
TXN00040,122,4469.5,2025-04-02,EUR
TXN00041,173,548.57,2025-05-16,EUR
TXN00042,120,1861.77,2025-06-26,EUR
TXN00043,156,2700.74,2025-05-19,EUR
TXN00044,138,1160.21,2025-02-18,EUR
TXN00045,184,2394.63,2025-06-27,EUR
TXN00046,164,581.59,2025-02-16,EUR
TXN00047,163,4050.43,2025-02-15,EUR
TXN00048,124,501.92,2025-05-10,EUR
TXN00049,200,2409.89,2025-01-01,EUR
TXN00050,149,3521.38,2025-05-12,EUR
TXN00051,193,3008.89,2025-04-19,EUR
TXN00052,125,3623.85,2025-03-04,EUR
TXN00053,189,3253.9,2025-06-03,EUR
TXN00054,134,1866.63,2025-02-20,EUR
TXN00055,174,3911.41,2025-04-07,EUR
TXN00056,127,556.69,2025-02-22,EUR
TXN00057,153,4670.39,2025-01-09,EUR
TXN00058,186,3400.57,2025-04-07,EUR
TXN00059,142,1383.93,2025-06-30,EUR
TXN00060,153,2431.44,2025-02-06,EUR
TXN00061,158,4695.39,2025-02-03,EUR
TXN00062,169,3137.56,2025-02-14,EUR
TXN00063,168,1615.47,2025-01-16,EUR
TXN00064,113,4037.41,2025-04-15,EUR
TXN00065,141,2424.55,2025-01-02,EUR
TXN00066,175,4062.02,2025-05-20,EUR
TXN00067,145,4548.56,2025-02-09,EUR
TXN00068,167,1881.95,2025-01-20,EUR
TXN00069,126,2335.34,2025-05-11,EUR
TXN00070,168,1576.17,2025-03-15,EUR
TXN00071,184,3763.77,2025-04-07,EUR
TXN00072,145,1796.94,2025-03-18,EUR
TXN00073,197,1240.94,2025-02-09,EUR
TXN00074,108,3986.81,2025-05-25,EUR
TXN00075,151,4762.46,2025-01-10,EUR
TXN00076,185,4695.28,2025-06-29,EUR
TXN00077,110,2291.22,2025-01-28,EUR
TXN00078,165,1955.03,2025-06-30,EUR
TXN00079,164,3722.03,2025-06-30,EUR
TXN00080,104,1095.62,2025-02-13,EUR
TXN00081,191,1498.91,2025-02-24,EUR
TXN00082,165,4234.94,2025-03-06,EUR
TXN00083,160,2904.14,2025-01-10,EUR
TXN00084,160,1177.23,2025-06-09,EUR
TXN00085,121,3440.05,2025-06-15,EUR
TXN00086,157,3587.9,2025-01-13,EUR
TXN00087,145,2417.69,2025-01-09,EUR
TXN00088,155,691.6,2025-05-03,EUR
TXN00089,113,4358.71,2025-03-04,EUR
TXN00090,104,1639.16,2025-02-02,EUR
TXN00091,167,3237.55,2025-03-11,EUR
TXN00092,189,4083.31,2025-04-07,EUR
TXN00093,116,2941.65,2025-04-19,EUR
TXN00094,191,4657.91,2025-01-04,EUR
TXN00095,173,4323.06,2025-05-28,EUR
TXN00096,119,3250.0,2025-03-24,EUR
TXN00097,144,81.67,2025-01-07,EUR
TXN00098,141,1752.77,2025-05-06,EUR
TXN00099,144,636.0,2025-01-13,EUR
TXN00100,161,1350.55,2025-02-21,EUR
TXN00101,185,3408.07,2025-01-09,EUR
TXN00102,189,2774.06,2025-06-14,EUR
TXN00103,158,138.15,2025-02-18,EUR
TXN00104,155,2893.76,2025-05-17,EUR
TXN00105,190,1779.86,2025-04-25,EUR
TXN00106,186,1404.07,2025-03-11,EUR
TXN00107,115,4059.75,2025-02-03,EUR
TXN00108,124,2726.45,2025-01-14,EUR
TXN00109,114,2062.62,2025-03-16,EUR
TXN00110,184,2584.66,2025-02-27,EUR
TXN00111,102,785.2,2025-06-27,EUR
TXN00112,149,4403.1,2025-02-04,EUR
TXN00113,193,1091.12,2025-03-23,EUR
TXN00114,119,4070.73,2025-03-01,EUR
TXN00115,148,3938.76,2025-04-19,EUR
TXN00116,161,2591.19,2025-03-21,EUR
TXN00117,121,430.27,2025-05-07,EUR
TXN00118,130,1070.1,2025-05-06,EUR
TXN00119,135,2679.49,2025-01-04,EUR
TXN00120,138,1579.51,2025-06-13,EUR
TXN00121,120,4280.23,2025-04-10,EUR
TXN00122,126,3827.43,2025-04-05,EUR
TXN00123,125,4965.81,2025-02-25,EUR
TXN00124,155,797.65,2025-03-16,EUR
TXN00125,119,3315.44,2025-03-20,EUR
TXN00126,146,2662.92,2025-03-15,EUR
TXN00127,189,4222.56,2025-01-17,EUR
TXN00128,166,1602.16,2025-01-01,EUR
TXN00129,200,2928.78,2025-02-09,EUR
TXN00130,134,326.48,2025-06-11,EUR
TXN00131,152,4067.34,2025-03-30,EUR
TXN00132,166,2583.54,2025-01-08,EUR
TXN00133,165,1203.04,2025-04-08,EUR
TXN00134,142,3036.58,2025-02-24,EUR
TXN00135,136,4956.23,2025-05-01,EUR
TXN00136,136,2892.87,2025-02-01,EUR
TXN00137,189,3593.42,2025-02-12,EUR
TXN00138,158,1323.5,2025-06-23,EUR
TXN00139,199,2854.58,2025-04-05,EUR
TXN00140,128,4042.95,2025-03-10,EUR
TXN00141,174,3932.67,2025-03-04,EUR
TXN00142,177,1910.72,2025-06-03,EUR
TXN00143,128,2187.49,2025-06-30,EUR
TXN00144,111,129.22,2025-04-11,EUR
TXN00145,190,4592.29,2025-04-19,EUR
TXN00146,140,214.87,2025-05-08,EUR
TXN00147,177,1084.77,2025-04-17,EUR
TXN00148,192,693.3,2025-05-30,EUR
TXN00149,199,2385.29,2025-04-06,EUR
TXN00150,142,3271.73,2025-05-18,EUR
TXN00151,118,2520.03,2025-01-23,EUR
TXN00152,148,1663.6,2025-04-23,EUR
TXN00153,169,1365.06,2025-06-07,EUR
TXN00154,118,2255.24,2025-03-27,EUR
TXN00155,166,2431.47,2025-06-01,EUR
TXN00156,162,321.39,2025-04-09,EUR
TXN00157,109,2762.54,2025-01-18,EUR
TXN00158,108,641.1,2025-05-15,EUR
TXN00159,183,3540.77,2025-04-15,EUR
TXN00160,121,2045.96,2025-05-30,EUR
TXN00161,142,3433.6,2025-01-16,EUR
TXN00162,115,383.52,2025-05-17,EUR
TXN00163,128,649.59,2025-03-03,EUR
TXN00164,110,2349.75,2025-01-08,EUR
TXN00165,150,3376.45,2025-06-03,EUR
TXN00166,119,1560.0,2025-06-04,EUR
TXN00167,180,460.46,2025-03-01,EUR
TXN00168,174,3029.2,2025-03-24,EUR
TXN00169,171,1397.25,2025-03-01,EUR
TXN00170,142,3071.88,2025-01-11,EUR
TXN00171,116,2858.76,2025-02-02,EUR
TXN00172,163,2831.13,2025-01-28,EUR
TXN00173,162,2421.38,2025-04-12,EUR
TXN00174,147,2788.15,2025-04-25,EUR
TXN00175,142,2155.31,2025-03-24,EUR
TXN00176,162,2300.23,2025-01-31,EUR
TXN00177,131,143.02,2025-04-02,EUR
TXN00178,138,3108.67,2025-02-28,EUR
TXN00179,172,4394.93,2025-01-27,EUR
TXN00180,181,188.39,2025-05-18,EUR
TXN00181,145,4932.89,2025-04-21,EUR
TXN00182,121,2672.1,2025-02-19,EUR
TXN00183,181,3066.6,2025-02-04,EUR
TXN00184,114,1256.76,2025-05-29,EUR
TXN00185,111,4274.39,2025-04-06,EUR
TXN00186,153,2969.25,2025-06-01,EUR
TXN00187,145,4078.1,2025-01-07,EUR
TXN00188,151,1235.99,2025-03-24,EUR
TXN00189,116,3295.2,2025-04-09,EUR
TXN00190,182,4397.88,2025-06-19,EUR
TXN00191,162,1755.04,2025-05-19,EUR
TXN00192,146,495.12,2025-05-29,EUR
TXN00193,101,938.03,2025-01-13,EUR
TXN00194,110,4756.38,2025-06-10,EUR
TXN00195,184,1068.88,2025-05-29,EUR
TXN00196,159,1291.66,2025-05-09,EUR
TXN00197,195,4232.31,2025-03-29,EUR
TXN00198,166,4663.14,2025-03-28,EUR
TXN00199,115,3458.16,2025-01-29,EUR
TXN00200,194,1065.45,2025-01-13,EUR
TXN00201,172,3795.81,2025-02-19,EUR
TXN00202,129,594.49,2025-05-07,EUR
TXN00203,179,2342.38,2025-06-04,EUR
TXN00204,108,3873.7,2025-03-20,EUR
TXN00205,189,118.38,2025-01-02,EUR
TXN00206,125,3037.44,2025-06-23,EUR
TXN00207,120,4651.6,2025-06-25,EUR
TXN00208,121,3592.2,2025-03-09,EUR
TXN00209,147,829.79,2025-02-09,EUR
TXN00210,161,140.18,2025-03-04,EUR
TXN00211,104,676.36,2025-01-13,EUR
TXN00212,170,3667.9,2025-02-17,EUR
TXN00213,114,2553.25,2025-06-13,EUR
TXN00214,197,1484.11,2025-06-07,EUR
TXN00215,179,1468.48,2025-01-09,EUR
TXN00216,160,3578.03,2025-03-08,EUR
TXN00217,133,2717.79,2025-05-16,EUR
TXN00218,126,3520.23,2025-01-10,EUR
TXN00219,129,4278.64,2025-06-08,EUR
TXN00220,153,2249.24,2025-01-18,EUR
TXN00221,200,1554.45,2025-06-18,EUR
TXN00222,103,1801.8,2025-03-22,EUR
TXN00223,198,2629.86,2025-04-14,EUR
TXN00224,199,2777.59,2025-06-26,EUR
TXN00225,110,418.93,2025-06-05,EUR
TXN00226,197,78.4,2025-05-03,EUR
TXN00227,147,3414.63,2025-03-06,EUR
TXN00228,167,242.35,2025-03-24,EUR
TXN00229,153,3614.07,2025-03-26,EUR
TXN00230,193,2969.7,2025-04-17,EUR
TXN00231,143,4093.07,2025-02-01,EUR
TXN00232,115,1846.49,2025-03-03,EUR
TXN00233,151,1224.01,2025-02-26,EUR
TXN00234,171,2699.94,2025-05-15,EUR
TXN00235,102,454.9,2025-06-30,EUR
TXN00236,195,4764.41,2025-01-19,EUR
TXN00237,185,308.71,2025-01-16,EUR
TXN00238,146,4540.12,2025-02-04,EUR
TXN00239,177,1412.21,2025-02-22,EUR
TXN00240,163,4361.61,2025-06-02,EUR
TXN00241,110,445.52,2025-04-04,EUR
TXN00242,167,447.0,2025-06-05,EUR
TXN00243,168,710.57,2025-03-31,EUR
TXN00244,133,1710.61,2025-05-26,EUR
TXN00245,195,1807.88,2025-04-15,EUR
TXN00246,196,3853.82,2025-02-11,EUR
TXN00247,200,1408.09,2025-02-02,EUR
TXN00248,104,2941.51,2025-03-26,EUR
TXN00249,164,3168.68,2025-03-13,EUR
TXN00250,130,3293.13,2025-04-09,EUR
TXN00251,190,3414.22,2025-05-12,EUR
TXN00252,151,308.94,2025-01-06,EUR
TXN00253,174,3478.15,2025-01-05,EUR
TXN00254,156,3581.76,2025-06-28,EUR
TXN00255,192,3208.71,2025-06-24,EUR
TXN00256,151,4637.02,2025-06-19,EUR
TXN00257,155,3273.03,2025-04-30,EUR
TXN00258,122,1753.85,2025-05-02,EUR
TXN00259,198,3760.51,2025-04-01,EUR
TXN00260,139,3589.49,2025-02-17,EUR
TXN00261,142,1552.02,2025-02-15,EUR
TXN00262,192,4584.05,2025-03-04,EUR
TXN00263,194,3178.55,2025-03-14,EUR
TXN00264,154,3788.5,2025-03-05,EUR
TXN00265,168,452.2,2025-05-27,EUR
TXN00266,156,4247.04,2025-03-31,EUR
TXN00267,106,43.59,2025-06-27,EUR
TXN00268,167,3256.6,2025-04-01,EUR
TXN00269,145,1741.28,2025-05-25,EUR
TXN00270,151,1472.92,2025-01-17,EUR
TXN00271,186,4876.58,2025-02-13,EUR
TXN00272,148,658.23,2025-05-18,EUR
TXN00273,145,4795.69,2025-03-18,EUR
TXN00274,134,4806.45,2025-06-20,EUR
TXN00275,196,320.22,2025-05-14,EUR
TXN00276,140,4294.54,2025-02-12,EUR
TXN00277,180,787.0,2025-05-13,EUR
TXN00278,164,4428.97,2025-04-11,EUR
TXN00279,169,3632.56,2025-01-16,EUR
TXN00280,148,4448.13,2025-03-26,EUR
TXN00281,159,4014.6,2025-01-29,EUR
TXN00282,150,3446.27,2025-04-24,EUR
TXN00283,153,1344.72,2025-04-04,EUR
TXN00284,195,2481.51,2025-02-10,EUR
TXN00285,187,438.31,2025-03-05,EUR
TXN00286,121,2327.26,2025-04-20,EUR
TXN00287,196,1852.15,2025-01-11,EUR
TXN00288,188,207.44,2025-01-06,EUR
TXN00289,103,4126.94,2025-03-03,EUR
TXN00290,125,1421.83,2025-01-24,EUR
TXN00291,176,4032.3,2025-04-17,EUR
TXN00292,184,3541.5,2025-03-19,EUR
TXN00293,120,3156.15,2025-06-10,EUR
TXN00294,114,3784.11,2025-05-17,EUR
TXN00295,126,2037.76,2025-06-24,EUR
TXN00296,108,4909.39,2025-02-05,EUR
TXN00297,180,763.8,2025-06-23,EUR
TXN00298,115,3345.85,2025-03-16,EUR
TXN00299,130,2441.58,2025-04-29,EUR
TXN00300,153,776.66,2025-04-12,EUR
TXN00301,158,1083.52,2025-02-21,EUR
TXN00302,200,368.15,2025-06-12,EUR
TXN00303,101,1889.37,2025-03-25,EUR
TXN00304,186,2105.77,2025-02-12,EUR
TXN00305,157,1143.58,2025-02-01,EUR
TXN00306,104,3200.03,2025-01-21,EUR
TXN00307,172,1823.86,2025-06-08,EUR
TXN00308,170,3688.91,2025-06-26,EUR
TXN00309,156,3847.83,2025-06-25,EUR
TXN00310,130,4740.71,2025-03-03,EUR
TXN00311,197,4300.15,2025-05-01,EUR
TXN00312,139,3809.63,2025-01-04,EUR
TXN00313,122,2113.25,2025-03-04,EUR
TXN00314,165,3024.34,2025-04-18,EUR
TXN00315,152,2754.84,2025-02-24,EUR
TXN00316,191,1179.32,2025-06-07,EUR
TXN00317,187,4552.96,2025-03-18,EUR
TXN00318,151,141.65,2025-05-31,EUR
TXN00319,118,158.57,2025-03-19,EUR
TXN00320,103,1529.14,2025-04-27,EUR
TXN00321,156,1044.26,2025-05-31,EUR
TXN00322,103,2816.6,2025-05-26,EUR
TXN00323,155,4661.08,2025-02-16,EUR
TXN00324,121,4571.41,2025-05-24,EUR
TXN00325,185,4731.33,2025-02-08,EUR
TXN00326,174,3084.55,2025-05-29,EUR
TXN00327,122,1930.62,2025-02-11,EUR
TXN00328,154,3093.62,2025-02-26,EUR
TXN00329,143,2700.42,2025-05-15,EUR
TXN00330,169,2838.09,2025-04-10,EUR
TXN00331,121,3471.15,2025-05-04,EUR
TXN00332,183,658.09,2025-03-14,EUR
TXN00333,147,4645.32,2025-05-09,EUR
TXN00334,110,4314.6,2025-05-04,EUR
TXN00335,132,4561.49,2025-06-14,EUR
TXN00336,172,2145.49,2025-06-30,EUR
TXN00337,133,4254.12,2025-05-28,EUR
TXN00338,159,4739.6,2025-01-17,EUR
TXN00339,192,3545.13,2025-06-15,EUR
TXN00340,181,1734.06,2025-04-08,EUR
TXN00341,113,2082.13,2025-03-17,EUR
TXN00342,150,2011.36,2025-03-31,EUR
TXN00343,106,3865.69,2025-06-22,EUR
TXN00344,141,217.71,2025-05-09,EUR
TXN00345,113,807.35,2025-02-28,EUR
TXN00346,112,4369.78,2025-05-19,EUR
TXN00347,131,1816.23,2025-04-27,EUR
TXN00348,192,2305.36,2025-06-13,EUR
TXN00349,117,4552.13,2025-06-18,EUR
TXN00350,119,3395.14,2025-02-01,EUR
TXN00351,143,1465.35,2025-01-12,EUR
TXN00352,148,4974.86,2025-04-24,EUR
TXN00353,141,1731.75,2025-01-20,EUR
TXN00354,195,3689.06,2025-02-20,EUR
TXN00355,108,3022.65,2025-05-29,EUR
TXN00356,108,1655.95,2025-06-16,EUR
TXN00357,200,2284.32,2025-05-23,EUR
TXN00358,164,3737.82,2025-01-04,EUR
TXN00359,151,1837.85,2025-06-11,EUR
TXN00360,189,3004.53,2025-04-27,EUR
TXN00361,172,747.54,2025-05-30,EUR
TXN00362,120,3676.0,2025-02-18,EUR
TXN00363,154,3461.59,2025-02-20,EUR
TXN00364,134,4236.92,2025-04-02,EUR
TXN00365,146,547.16,2025-04-27,EUR
TXN00366,141,4081.84,2025-01-01,EUR
TXN00367,145,70.48,2025-04-08,EUR
TXN00368,145,813.15,2025-05-19,EUR
TXN00369,169,1609.78,2025-03-01,EUR
TXN00370,126,4565.56,2025-02-17,EUR
TXN00371,151,1965.04,2025-02-01,EUR
TXN00372,178,2646.76,2025-05-29,EUR
TXN00373,194,4371.85,2025-06-20,EUR
TXN00374,105,2994.59,2025-01-04,EUR
TXN00375,142,1784.41,2025-04-30,EUR
TXN00376,109,1513.39,2025-05-27,EUR
TXN00377,111,1896.35,2025-06-20,EUR
TXN00378,192,45.53,2025-05-21,EUR
TXN00379,200,28.15,2025-04-12,EUR
TXN00380,196,2943.04,2025-04-02,EUR
TXN00381,192,4590.74,2025-03-10,EUR
TXN00382,128,1042.19,2025-01-17,EUR
TXN00383,101,1266.6,2025-04-12,EUR
TXN00384,200,1027.25,2025-02-20,EUR
TXN00385,143,1608.11,2025-04-11,EUR
TXN00386,195,2447.47,2025-03-03,EUR
TXN00387,155,264.12,2025-03-13,EUR
TXN00388,131,1946.85,2025-03-16,EUR
TXN00389,109,4290.41,2025-04-14,EUR
TXN00390,106,1165.66,2025-02-20,EUR
TXN00391,101,715.16,2025-06-13,EUR
TXN00392,140,4356.71,2025-06-15,EUR
TXN00393,184,1680.62,2025-01-12,EUR
TXN00394,134,274.56,2025-04-09,EUR
TXN00395,155,948.18,2025-02-06,EUR
TXN00396,112,4393.39,2025-02-03,EUR
TXN00397,172,3566.57,2025-04-13,EUR
TXN00398,176,921.09,2025-06-29,EUR
TXN00399,132,1899.98,2025-03-18,EUR
TXN00400,127,4002.97,2025-04-09,EUR
TXN00401,140,1288.41,2025-01-27,EUR
TXN00402,126,3511.2,2025-02-15,EUR
TXN00403,194,318.25,2025-04-13,EUR
TXN00404,127,4228.26,2025-03-28,EUR
TXN00405,104,2828.62,2025-03-23,EUR
TXN00406,193,783.17,2025-03-21,EUR
TXN00407,180,3974.18,2025-04-20,EUR
TXN00408,120,592.54,2025-05-20,EUR
TXN00409,144,643.5,2025-05-27,EUR
TXN00410,126,2731.35,2025-06-23,EUR
TXN00411,109,4479.81,2025-05-12,EUR
TXN00412,160,4076.05,2025-02-06,EUR
TXN00413,130,2478.6,2025-06-17,EUR
TXN00414,187,87.61,2025-05-22,EUR
TXN00415,150,1865.86,2025-01-05,EUR
TXN00416,187,4511.81,2025-06-09,EUR
TXN00417,131,1950.36,2025-02-01,EUR
TXN00418,128,1015.87,2025-06-09,EUR
TXN00419,142,4247.29,2025-03-26,EUR
TXN00420,103,4836.99,2025-02-18,EUR
TXN00421,193,3718.82,2025-03-06,EUR
TXN00422,127,2325.03,2025-02-14,EUR
TXN00423,109,3753.11,2025-02-26,EUR
TXN00424,197,2728.0,2025-02-05,EUR
TXN00425,196,3168.61,2025-03-16,EUR
TXN00426,123,2241.36,2025-03-27,EUR
TXN00427,175,554.97,2025-05-01,EUR
TXN00428,129,4697.49,2025-05-18,EUR
TXN00429,157,2522.28,2025-05-25,EUR
TXN00430,150,3850.0,2025-03-15,EUR
TXN00431,199,3942.53,2025-05-29,EUR
TXN00432,192,2589.8,2025-04-01,EUR
TXN00433,116,1379.38,2025-05-07,EUR
TXN00434,121,2140.08,2025-06-04,EUR
TXN00435,169,1512.82,2025-04-09,EUR
TXN00436,177,4452.43,2025-06-27,EUR
TXN00437,113,3940.77,2025-05-31,EUR
TXN00438,120,3050.5,2025-05-05,EUR
TXN00439,166,95.19,2025-03-13,EUR
TXN00440,122,3007.04,2025-01-29,EUR
TXN00441,179,458.12,2025-06-07,EUR
TXN00442,200,3307.16,2025-01-13,EUR
TXN00443,133,4502.48,2025-04-03,EUR
TXN00444,165,46.3,2025-01-10,EUR
TXN00445,189,3868.07,2025-05-06,EUR
TXN00446,140,1936.37,2025-03-26,EUR
TXN00447,115,3932.97,2025-01-08,EUR
TXN00448,167,142.08,2025-01-22,EUR
TXN00449,168,968.79,2025-04-05,EUR
TXN00450,171,4673.63,2025-05-17,EUR
TXN00451,176,4379.57,2025-05-28,EUR
TXN00452,110,2546.55,2025-04-12,EUR
TXN00453,184,1838.98,2025-05-24,EUR
TXN00454,157,1108.71,2025-04-27,EUR
TXN00455,183,4303.64,2025-01-25,EUR
TXN00456,127,3833.76,2025-02-08,EUR
TXN00457,127,1001.05,2025-03-14,EUR
TXN00458,135,4076.63,2025-05-06,EUR
TXN00459,196,3911.85,2025-03-20,EUR
TXN00460,157,285.1,2025-03-06,EUR
TXN00461,193,1692.08,2025-03-03,EUR
TXN00462,195,2109.62,2025-03-27,EUR
TXN00463,120,631.54,2025-03-21,EUR
TXN00464,119,296.77,2025-02-07,EUR
TXN00465,178,2712.67,2025-04-01,EUR
TXN00466,169,4196.44,2025-02-15,EUR
TXN00467,142,677.37,2025-02-06,EUR
TXN00468,128,1707.57,2025-05-17,EUR
TXN00469,182,3582.91,2025-04-18,EUR
TXN00470,142,4525.08,2025-06-26,EUR
TXN00471,109,1155.69,2025-01-15,EUR
TXN00472,136,540.46,2025-06-24,EUR
TXN00473,121,1641.39,2025-02-02,EUR
TXN00474,127,4034.69,2025-01-21,EUR
TXN00475,169,1503.65,2025-02-26,EUR
TXN00476,146,1558.91,2025-03-28,EUR
TXN00477,113,2604.33,2025-03-02,EUR
TXN00478,118,557.95,2025-06-21,EUR
TXN00479,189,2555.62,2025-05-06,EUR
TXN00480,187,4222.26,2025-03-17,EUR
TXN00481,127,204.66,2025-02-27,EUR
TXN00482,119,1754.96,2025-02-02,EUR
TXN00483,178,4804.51,2025-03-14,EUR
TXN00484,145,4335.1,2025-02-23,EUR
TXN00485,176,3454.41,2025-04-14,EUR
TXN00486,196,2772.89,2025-01-19,EUR
TXN00487,140,733.28,2025-03-25,EUR
TXN00488,124,2501.3,2025-04-01,EUR
TXN00489,136,3118.56,2025-03-31,EUR
TXN00490,188,2470.64,2025-03-29,EUR
TXN00491,128,1111.24,2025-05-01,EUR
TXN00492,199,2450.88,2025-03-06,EUR
TXN00493,162,1845.11,2025-04-13,EUR
TXN00494,108,267.07,2025-03-09,EUR
TXN00495,121,1860.65,2025-04-21,EUR
TXN00496,107,1764.68,2025-04-30,EUR
TXN00497,184,2738.47,2025-02-23,EUR
TXN00498,150,2238.21,2025-06-30,EUR
TXN00499,171,2796.91,2025-03-20,EUR
TXN00500,200,2606.08,2025-01-27,EUR
TXN00501,142,2499.31,2025-04-25,EUR
TXN00502,163,4161.41,2025-03-21,EUR
TXN00503,157,3362.83,2025-04-19,EUR
TXN00504,140,1162.26,2025-01-29,EUR
TXN00505,123,150.47,2025-05-31,EUR
TXN00506,165,1612.15,2025-05-28,EUR
TXN00507,128,461.02,2025-05-22,EUR
TXN00508,148,310.11,2025-01-02,EUR
TXN00509,186,796.32,2025-05-30,EUR
TXN00510,105,3792.09,2025-03-13,EUR
TXN00511,182,4649.57,2025-04-07,EUR
TXN00512,164,4582.96,2025-03-20,EUR
TXN00513,154,3820.83,2025-06-03,EUR
TXN00514,156,2940.79,2025-06-27,EUR
TXN00515,114,521.99,2025-02-06,EUR
TXN00516,126,3077.79,2025-01-24,EUR
TXN00517,128,340.6,2025-02-26,EUR
TXN00518,194,2482.29,2025-03-26,EUR
TXN00519,151,1701.41,2025-02-15,EUR
TXN00520,182,30.65,2025-05-29,EUR
TXN00521,150,2680.38,2025-05-04,EUR
TXN00522,177,1674.44,2025-01-16,EUR
TXN00523,156,4890.08,2025-06-10,EUR
TXN00524,149,131.57,2025-06-22,EUR
TXN00525,104,1057.34,2025-06-15,EUR
TXN00526,185,77.1,2025-03-31,EUR
TXN00527,140,1780.53,2025-01-19,EUR
TXN00528,199,1082.87,2025-01-18,EUR
TXN00529,185,815.45,2025-04-28,EUR
TXN00530,143,4047.87,2025-05-27,EUR
TXN00531,177,2793.0,2025-01-10,EUR
TXN00532,170,3348.02,2025-05-18,EUR
TXN00533,115,2298.13,2025-03-28,EUR
TXN00534,174,683.66,2025-01-30,EUR
TXN00535,165,1023.24,2025-02-04,EUR
TXN00536,164,2726.82,2025-06-18,EUR
TXN00537,160,3376.32,2025-01-07,EUR
TXN00538,159,1355.77,2025-03-16,EUR
TXN00539,156,2589.16,2025-01-06,EUR
TXN00540,161,2523.05,2025-01-15,EUR
TXN00541,107,946.73,2025-05-24,EUR
TXN00542,179,1477.59,2025-04-17,EUR
TXN00543,158,1255.32,2025-05-11,EUR
TXN00544,105,2326.01,2025-01-05,EUR
TXN00545,169,2071.92,2025-05-28,EUR
TXN00546,110,1485.71,2025-03-18,EUR
TXN00547,160,4855.3,2025-05-06,EUR
TXN00548,149,4072.36,2025-06-13,EUR
TXN00549,178,4654.16,2025-06-20,EUR
TXN00550,154,3254.83,2025-06-21,EUR
TXN00551,173,1846.75,2025-02-13,EUR
TXN00552,132,791.79,2025-04-05,EUR
TXN00553,193,2656.75,2025-03-21,EUR
TXN00554,158,898.71,2025-02-08,EUR
TXN00555,124,3930.11,2025-05-29,EUR
TXN00556,166,1481.34,2025-01-31,EUR
TXN00557,154,1936.97,2025-06-14,EUR
TXN00558,161,1384.48,2025-06-22,EUR
TXN00559,189,4495.0,2025-04-12,EUR
TXN00560,168,2750.82,2025-02-01,EUR
TXN00561,135,2010.56,2025-02-28,EUR
TXN00562,118,2318.29,2025-01-28,EUR
TXN00563,179,253.24,2025-01-22,EUR
TXN00564,143,2919.29,2025-04-01,EUR
TXN00565,190,2950.51,2025-01-03,EUR
TXN00566,170,226.35,2025-05-25,EUR
TXN00567,107,2716.56,2025-04-30,EUR
TXN00568,103,2898.41,2025-02-16,EUR
TXN00569,165,483.2,2025-03-08,EUR
TXN00570,137,4813.29,2025-05-11,EUR
TXN00571,152,4926.24,2025-06-15,EUR
TXN00572,131,1515.04,2025-04-02,EUR
TXN00573,181,665.66,2025-02-22,EUR
TXN00574,118,2336.79,2025-04-13,EUR
TXN00575,119,2653.98,2025-06-22,EUR
TXN00576,192,1008.26,2025-06-18,EUR
TXN00577,168,368.53,2025-06-30,EUR
TXN00578,115,4695.79,2025-01-20,EUR
TXN00579,150,2376.78,2025-03-31,EUR
TXN00580,143,1525.14,2025-06-11,EUR
TXN00581,159,3391.54,2025-02-07,EUR
TXN00582,189,2319.06,2025-04-12,EUR
TXN00583,178,759.48,2025-01-04,EUR
TXN00584,120,2997.7,2025-01-13,EUR
TXN00585,112,3673.64,2025-01-15,EUR
TXN00586,125,3304.72,2025-04-05,EUR
TXN00587,123,1817.01,2025-01-08,EUR
TXN00588,121,108.68,2025-04-22,EUR
TXN00589,104,537.17,2025-03-11,EUR
TXN00590,176,2487.71,2025-01-15,EUR
TXN00591,146,2919.97,2025-03-10,EUR
TXN00592,152,424.42,2025-06-24,EUR
TXN00593,147,2518.15,2025-03-01,EUR
TXN00594,138,3600.43,2025-01-24,EUR
TXN00595,116,384.85,2025-06-18,EUR
TXN00596,158,4132.22,2025-01-23,EUR
TXN00597,114,3127.72,2025-03-07,EUR
TXN00598,125,4388.56,2025-02-16,EUR
TXN00599,123,3875.28,2025-05-13,EUR
TXN00600,129,2889.7,2025-01-02,EUR
TXN00601,158,2915.44,2025-01-17,EUR
TXN00602,182,4827.82,2025-01-11,EUR
TXN00603,108,3722.72,2025-03-26,EUR
TXN00604,132,2214.14,2025-01-12,EUR
TXN00605,105,32.07,2025-06-07,EUR
TXN00606,137,2601.59,2025-05-03,EUR
TXN00607,164,574.99,2025-01-02,EUR
TXN00608,103,3994.19,2025-03-20,EUR
TXN00609,104,598.52,2025-03-11,EUR
TXN00610,195,3036.84,2025-02-28,EUR
TXN00611,192,4657.37,2025-03-22,EUR
TXN00612,127,288.9,2025-05-12,EUR
TXN00613,174,1197.28,2025-05-08,EUR
TXN00614,122,1302.32,2025-04-18,EUR
TXN00615,197,840.29,2025-01-07,EUR
TXN00616,126,3457.48,2025-05-04,EUR
TXN00617,102,618.16,2025-01-13,EUR
TXN00618,188,555.78,2025-03-23,EUR
TXN00619,142,3243.33,2025-02-04,EUR
TXN00620,132,3651.35,2025-05-10,EUR
TXN00621,104,4053.98,2025-04-13,EUR
TXN00622,160,4307.44,2025-03-15,EUR
TXN00623,172,4680.42,2025-06-30,EUR
TXN00624,181,348.79,2025-03-28,EUR
TXN00625,153,3498.72,2025-04-04,EUR
TXN00626,105,4651.45,2025-04-08,EUR
TXN00627,200,1761.52,2025-06-03,EUR
TXN00628,127,159.39,2025-04-02,EUR
TXN00629,151,909.04,2025-02-18,EUR
TXN00630,144,4574.87,2025-06-26,EUR
TXN00631,133,1143.1,2025-01-29,EUR
TXN00632,163,3019.74,2025-04-22,EUR
TXN00633,153,661.93,2025-06-14,EUR
TXN00634,130,2172.72,2025-05-05,EUR
TXN00635,171,1658.54,2025-02-25,EUR
TXN00636,127,1885.66,2025-02-27,EUR
TXN00637,133,2553.44,2025-01-05,EUR
TXN00638,153,2916.12,2025-03-05,EUR
TXN00639,181,4662.78,2025-02-19,EUR
TXN00640,126,413.07,2025-06-22,EUR
TXN00641,155,3582.64,2025-04-21,EUR
TXN00642,101,1738.13,2025-04-15,EUR
TXN00643,154,1230.24,2025-06-11,EUR
TXN00644,174,4988.29,2025-04-30,EUR
TXN00645,120,4509.3,2025-01-26,EUR
TXN00646,132,2172.69,2025-01-23,EUR
TXN00647,147,3223.78,2025-05-08,EUR
TXN00648,101,3960.55,2025-06-28,EUR
TXN00649,107,245.73,2025-05-27,EUR
TXN00650,106,2759.19,2025-03-08,EUR
TXN00651,162,4053.6,2025-03-05,EUR
TXN00652,167,1082.27,2025-06-07,EUR
TXN00653,116,2576.46,2025-01-22,EUR
TXN00654,184,3900.35,2025-01-20,EUR
TXN00655,176,402.86,2025-01-30,EUR
TXN00656,150,2662.49,2025-05-22,EUR
TXN00657,156,1442.8,2025-01-12,EUR
TXN00658,131,1654.68,2025-05-17,EUR
TXN00659,194,3279.96,2025-01-09,EUR
TXN00660,114,1269.02,2025-01-14,EUR
TXN00661,172,4891.69,2025-03-19,EUR
TXN00662,106,4178.47,2025-01-21,EUR
TXN00663,103,4089.31,2025-03-30,EUR
TXN00664,128,3805.23,2025-02-27,EUR
TXN00665,199,3963.24,2025-06-22,EUR
TXN00666,192,4478.63,2025-04-27,EUR
TXN00667,113,773.69,2025-06-16,EUR
TXN00668,123,3765.5,2025-01-03,EUR
TXN00669,190,3696.62,2025-06-05,EUR
TXN00670,169,4493.57,2025-02-27,EUR
TXN00671,146,2867.9,2025-05-15,EUR
TXN00672,148,1463.18,2025-02-22,EUR
TXN00673,137,2558.17,2025-06-14,EUR
TXN00674,192,4006.19,2025-01-11,EUR
TXN00675,101,4645.3,2025-04-21,EUR
TXN00676,107,716.95,2025-01-08,EUR
TXN00677,187,4774.6,2025-04-17,EUR
TXN00678,137,249.98,2025-04-01,EUR
TXN00679,196,2911.28,2025-01-22,EUR
TXN00680,131,617.42,2025-03-12,EUR
TXN00681,118,1433.34,2025-02-18,EUR
TXN00682,164,1165.81,2025-02-10,EUR
TXN00683,114,4446.0,2025-06-01,EUR
TXN00684,175,4935.61,2025-03-04,EUR
TXN00685,181,2280.8,2025-06-12,EUR
TXN00686,182,4259.55,2025-02-09,EUR
TXN00687,155,4946.22,2025-02-21,EUR
TXN00688,199,805.91,2025-03-12,EUR
TXN00689,144,33.83,2025-02-22,EUR
TXN00690,149,1590.29,2025-04-24,EUR
TXN00691,183,4678.07,2025-06-26,EUR
TXN00692,198,3183.71,2025-04-28,EUR
TXN00693,148,44.34,2025-06-09,EUR
TXN00694,110,1263.84,2025-05-25,EUR
TXN00695,143,3921.11,2025-04-03,EUR
TXN00696,182,4167.92,2025-03-08,EUR
TXN00697,126,288.8,2025-02-28,EUR
TXN00698,106,502.8,2025-02-26,EUR
TXN00699,121,2796.7,2025-04-07,EUR
TXN00700,122,3598.37,2025-05-26,EUR
TXN00701,135,1720.44,2025-04-20,EUR
TXN00702,200,2910.64,2025-04-11,EUR
TXN00703,101,2920.57,2025-03-12,EUR
TXN00704,113,841.43,2025-05-19,EUR
TXN00705,194,4071.61,2025-04-14,EUR
TXN00706,165,2338.14,2025-05-31,EUR
TXN00707,114,1020.94,2025-01-04,EUR
TXN00708,184,3164.99,2025-02-09,EUR
TXN00709,119,2508.46,2025-04-09,EUR
TXN00710,110,1769.5,2025-06-10,EUR
TXN00711,142,630.64,2025-02-07,EUR
TXN00712,141,1232.79,2025-05-13,EUR
TXN00713,115,232.47,2025-02-20,EUR
TXN00714,162,3193.42,2025-04-06,EUR
TXN00715,174,3900.61,2025-01-27,EUR
TXN00716,193,3566.07,2025-05-18,EUR
TXN00717,181,4746.85,2025-02-17,EUR
TXN00718,115,4692.89,2025-03-27,EUR
TXN00719,173,974.15,2025-03-01,EUR
TXN00720,130,545.4,2025-01-04,EUR
TXN00721,161,1492.57,2025-06-29,EUR
TXN00722,138,2785.25,2025-06-29,EUR
TXN00723,107,1185.13,2025-06-12,EUR
TXN00724,111,2723.34,2025-01-28,EUR
TXN00725,158,3978.12,2025-05-11,EUR
TXN00726,150,2511.46,2025-05-24,EUR
TXN00727,106,1847.65,2025-05-02,EUR
TXN00728,163,4974.14,2025-01-29,EUR
TXN00729,154,3127.57,2025-06-05,EUR
TXN00730,111,1769.63,2025-04-20,EUR
TXN00731,136,108.28,2025-01-14,EUR
TXN00732,199,3744.16,2025-06-01,EUR
TXN00733,114,4692.43,2025-03-25,EUR
TXN00734,138,78.92,2025-04-25,EUR
TXN00735,108,4348.79,2025-01-30,EUR
TXN00736,101,504.24,2025-04-04,EUR
TXN00737,168,4732.9,2025-05-07,EUR
TXN00738,157,3893.6,2025-01-25,EUR
TXN00739,150,1537.13,2025-01-05,EUR
TXN00740,136,1508.37,2025-05-05,EUR
TXN00741,188,3526.8,2025-04-07,EUR
TXN00742,141,2339.98,2025-05-10,EUR
TXN00743,183,4881.68,2025-05-06,EUR
TXN00744,169,824.57,2025-01-10,EUR
TXN00745,119,518.31,2025-05-09,EUR
TXN00746,174,1994.64,2025-02-27,EUR
TXN00747,102,76.92,2025-05-14,EUR
TXN00748,188,2470.55,2025-02-17,EUR
TXN00749,181,502.67,2025-02-08,EUR
TXN00750,116,1999.28,2025-01-04,EUR
TXN00751,123,4650.4,2025-06-06,EUR
TXN00752,187,2756.99,2025-03-01,EUR
TXN00753,133,4615.42,2025-05-24,EUR
TXN00754,178,2501.2,2025-04-20,EUR
TXN00755,177,4390.1,2025-05-22,EUR
TXN00756,170,2318.17,2025-02-10,EUR
TXN00757,165,3688.47,2025-02-13,EUR
TXN00758,152,4025.62,2025-05-24,EUR
TXN00759,163,2515.18,2025-04-28,EUR
TXN00760,163,73.62,2025-02-02,EUR
TXN00761,179,1982.35,2025-06-21,EUR
TXN00762,132,3728.56,2025-03-15,EUR
TXN00763,195,4924.31,2025-03-09,EUR
TXN00764,102,869.83,2025-01-07,EUR
TXN00765,123,2167.89,2025-01-12,EUR
TXN00766,117,4305.63,2025-06-28,EUR
TXN00767,163,3073.1,2025-05-11,EUR
TXN00768,192,4229.35,2025-06-04,EUR
TXN00769,158,3183.38,2025-04-05,EUR
TXN00770,161,2771.17,2025-04-02,EUR
TXN00771,106,2452.96,2025-05-21,EUR
TXN00772,158,4103.57,2025-03-02,EUR
TXN00773,199,3527.78,2025-01-18,EUR
TXN00774,192,1805.48,2025-04-27,EUR
TXN00775,121,1272.72,2025-04-27,EUR
TXN00776,194,4411.02,2025-06-25,EUR
TXN00777,172,4679.06,2025-04-15,EUR
TXN00778,126,1816.61,2025-01-08,EUR
TXN00779,156,228.82,2025-01-24,EUR
TXN00780,180,4307.14,2025-06-17,EUR
TXN00781,154,4368.75,2025-04-22,EUR
TXN00782,138,2644.24,2025-01-22,EUR
TXN00783,118,3898.63,2025-03-15,EUR
TXN00784,114,4734.9,2025-05-13,EUR
TXN00785,131,3524.24,2025-04-24,EUR
TXN00786,121,196.11,2025-03-05,EUR
TXN00787,101,336.52,2025-02-08,EUR
TXN00788,101,3213.73,2025-04-06,EUR
TXN00789,164,3905.32,2025-03-26,EUR
TXN00790,102,1416.52,2025-04-03,EUR
TXN00791,177,2242.84,2025-03-29,EUR
TXN00792,183,879.56,2025-02-13,EUR
TXN00793,142,1602.2,2025-06-22,EUR
TXN00794,136,621.66,2025-04-26,EUR
TXN00795,180,1029.06,2025-01-24,EUR
TXN00796,195,4671.47,2025-05-19,EUR
TXN00797,146,891.68,2025-03-01,EUR
TXN00798,189,2838.47,2025-06-27,EUR
TXN00799,197,4120.75,2025-01-06,EUR
TXN00800,109,1534.72,2025-05-25,EUR
TXN00801,101,1710.05,2025-02-11,EUR
TXN00802,125,2360.47,2025-06-22,EUR
TXN00803,175,2272.63,2025-01-11,EUR
TXN00804,134,1310.69,2025-01-15,EUR
TXN00805,114,335.32,2025-03-18,EUR
TXN00806,130,4436.47,2025-03-26,EUR
TXN00807,155,12.53,2025-04-20,EUR
TXN00808,142,3293.48,2025-04-01,EUR
TXN00809,134,4021.09,2025-06-17,EUR
TXN00810,128,677.45,2025-03-14,EUR
TXN00811,156,269.93,2025-03-17,EUR
TXN00812,188,3934.05,2025-05-17,EUR
TXN00813,178,1309.1,2025-04-17,EUR
TXN00814,117,3998.06,2025-01-03,EUR
TXN00815,117,1657.22,2025-04-19,EUR
TXN00816,187,1623.68,2025-03-27,EUR
TXN00817,177,4047.81,2025-04-22,EUR
TXN00818,196,1075.1,2025-01-08,EUR
TXN00819,161,250.79,2025-04-04,EUR
TXN00820,131,2538.3,2025-03-12,EUR
TXN00821,161,808.62,2025-04-21,EUR
TXN00822,174,4166.03,2025-04-24,EUR
TXN00823,112,3925.69,2025-02-25,EUR
TXN00824,140,4149.07,2025-04-17,EUR
TXN00825,149,133.63,2025-05-10,EUR
TXN00826,175,4680.19,2025-04-21,EUR
TXN00827,138,1047.25,2025-04-17,EUR
TXN00828,158,1241.18,2025-03-24,EUR
TXN00829,143,1386.66,2025-02-12,EUR
TXN00830,191,417.6,2025-01-09,EUR
TXN00831,114,4677.5,2025-06-20,EUR
TXN00832,199,2741.9,2025-06-28,EUR
TXN00833,125,1376.17,2025-01-27,EUR
TXN00834,176,2497.3,2025-01-11,EUR
TXN00835,101,3340.41,2025-05-07,EUR
TXN00836,183,2408.94,2025-04-03,EUR
TXN00837,133,261.03,2025-04-11,EUR
TXN00838,179,2086.63,2025-03-06,EUR
TXN00839,122,4883.26,2025-06-03,EUR
TXN00840,122,4527.26,2025-03-04,EUR
TXN00841,106,2637.56,2025-04-01,EUR
TXN00842,158,2771.87,2025-01-11,EUR
TXN00843,194,3098.38,2025-06-16,EUR
TXN00844,170,1416.1,2025-06-08,EUR
TXN00845,174,1946.27,2025-05-23,EUR
TXN00846,191,380.67,2025-06-08,EUR
TXN00847,113,1532.11,2025-01-25,EUR
TXN00848,119,2929.77,2025-06-19,EUR
TXN00849,156,3435.31,2025-04-09,EUR
TXN00850,144,3619.53,2025-01-29,EUR
TXN00851,181,522.64,2025-06-14,EUR
TXN00852,152,1065.16,2025-05-27,EUR
TXN00853,190,2021.03,2025-05-01,EUR
TXN00854,103,1575.41,2025-01-27,EUR
TXN00855,119,82.48,2025-04-18,EUR
TXN00856,141,2796.69,2025-03-27,EUR
TXN00857,128,3261.4,2025-05-13,EUR
TXN00858,149,3369.25,2025-02-08,EUR
TXN00859,119,3981.96,2025-03-22,EUR
TXN00860,155,1405.25,2025-04-22,EUR
TXN00861,169,1257.44,2025-06-09,EUR
TXN00862,191,3777.39,2025-03-09,EUR
TXN00863,181,3391.91,2025-02-26,EUR
TXN00864,175,4019.17,2025-04-28,EUR
TXN00865,101,810.1,2025-02-14,EUR
TXN00866,155,3025.22,2025-05-10,EUR
TXN00867,171,4536.37,2025-05-31,EUR
TXN00868,106,3808.13,2025-01-07,EUR
TXN00869,170,908.4,2025-01-23,EUR
TXN00870,150,4730.26,2025-05-06,EUR
TXN00871,186,4811.08,2025-01-27,EUR
TXN00872,105,1533.1,2025-02-05,EUR
TXN00873,184,3515.1,2025-06-07,EUR
TXN00874,106,3852.25,2025-04-19,EUR
TXN00875,178,514.29,2025-03-24,EUR
TXN00876,170,4074.16,2025-06-03,EUR
TXN00877,177,3918.53,2025-04-29,EUR
TXN00878,120,4589.52,2025-02-25,EUR
TXN00879,172,4219.83,2025-05-22,EUR
TXN00880,139,1318.28,2025-02-16,EUR
TXN00881,131,1122.6,2025-03-11,EUR
TXN00882,178,4810.0,2025-03-09,EUR
TXN00883,137,634.79,2025-03-12,EUR
TXN00884,113,3298.31,2025-05-17,EUR
TXN00885,122,3978.53,2025-06-28,EUR
TXN00886,173,1354.88,2025-01-22,EUR
TXN00887,102,577.49,2025-05-26,EUR
TXN00888,195,3038.2,2025-03-15,EUR
TXN00889,158,424.84,2025-06-23,EUR
TXN00890,170,4492.81,2025-03-27,EUR
TXN00891,147,3473.2,2025-04-11,EUR
TXN00892,193,2692.52,2025-06-22,EUR
TXN00893,133,65.0,2025-02-19,EUR
TXN00894,118,1561.11,2025-05-08,EUR
TXN00895,167,4187.87,2025-02-23,EUR
TXN00896,119,2500.75,2025-02-13,EUR
TXN00897,156,967.21,2025-01-09,EUR
TXN00898,169,2527.05,2025-01-12,EUR
TXN00899,124,3514.36,2025-01-31,EUR
TXN00900,144,3659.55,2025-03-30,EUR
TXN00901,166,1802.84,2025-03-11,EUR
TXN00902,130,1167.16,2025-06-03,EUR
TXN00903,125,407.28,2025-06-11,EUR
TXN00904,187,1207.65,2025-03-06,EUR
TXN00905,149,1107.0,2025-03-16,EUR
TXN00906,123,4766.7,2025-06-17,EUR
TXN00907,172,2303.67,2025-03-30,EUR
TXN00908,160,367.22,2025-01-13,EUR
TXN00909,153,1772.28,2025-03-06,EUR
TXN00910,199,819.09,2025-01-14,EUR
TXN00911,181,886.21,2025-02-20,EUR
TXN00912,116,2897.32,2025-05-24,EUR
TXN00913,137,4532.66,2025-05-27,EUR
TXN00914,173,3291.04,2025-05-29,EUR
TXN00915,128,4948.94,2025-06-12,EUR
TXN00916,170,1264.36,2025-06-29,EUR
TXN00917,158,470.27,2025-06-29,EUR
TXN00918,110,4810.43,2025-05-12,EUR
TXN00919,138,2039.38,2025-02-21,EUR
TXN00920,106,2831.68,2025-01-01,EUR
TXN00921,146,3869.71,2025-02-25,EUR
TXN00922,187,1939.05,2025-02-15,EUR
TXN00923,101,4786.51,2025-04-17,EUR
TXN00924,112,2225.21,2025-03-07,EUR
TXN00925,112,1523.61,2025-05-08,EUR
TXN00926,183,2287.38,2025-04-08,EUR
TXN00927,140,984.61,2025-01-02,EUR
TXN00928,124,2318.35,2025-03-01,EUR
TXN00929,138,4847.26,2025-03-30,EUR
TXN00930,113,2922.97,2025-04-18,EUR
TXN00931,169,1944.26,2025-06-01,EUR
TXN00932,174,344.58,2025-05-31,EUR
TXN00933,147,1949.43,2025-01-08,EUR
TXN00934,136,1452.11,2025-02-14,EUR
TXN00935,114,3454.59,2025-04-04,EUR
TXN00936,145,3423.36,2025-05-22,EUR
TXN00937,135,1687.2,2025-06-16,EUR
TXN00938,154,2026.45,2025-02-08,EUR
TXN00939,153,1506.15,2025-05-28,EUR
TXN00940,117,3960.09,2025-06-01,EUR
TXN00941,105,387.7,2025-01-26,EUR
TXN00942,179,3232.56,2025-02-17,EUR
TXN00943,145,3854.08,2025-02-11,EUR
TXN00944,148,3917.23,2025-01-04,EUR
TXN00945,190,1171.99,2025-06-11,EUR
TXN00946,145,3054.63,2025-01-08,EUR
TXN00947,151,4724.54,2025-01-07,EUR
TXN00948,106,990.43,2025-04-12,EUR
TXN00949,186,2196.98,2025-04-24,EUR
TXN00950,145,3464.85,2025-02-07,EUR
TXN00951,120,3744.03,2025-05-13,EUR
TXN00952,179,3234.72,2025-05-01,EUR
TXN00953,139,3505.48,2025-04-11,EUR
TXN00954,147,3575.68,2025-06-03,EUR
TXN00955,189,4695.27,2025-05-06,EUR
TXN00956,163,4235.65,2025-06-08,EUR
TXN00957,136,785.6,2025-06-23,EUR
TXN00958,175,3772.29,2025-06-30,EUR
TXN00959,150,3132.93,2025-04-19,EUR
TXN00960,130,366.86,2025-05-09,EUR
TXN00961,165,1466.85,2025-06-07,EUR
TXN00962,177,364.02,2025-02-13,EUR
TXN00963,146,3891.17,2025-06-07,EUR
TXN00964,133,1268.5,2025-04-06,EUR
TXN00965,162,1238.09,2025-04-12,EUR
TXN00966,149,1084.07,2025-03-13,EUR
TXN00967,141,4846.08,2025-01-01,EUR
TXN00968,175,2429.61,2025-05-19,EUR
TXN00969,164,3628.55,2025-05-13,EUR
TXN00970,158,4707.28,2025-03-14,EUR
TXN00971,172,674.12,2025-01-16,EUR
TXN00972,152,3080.01,2025-02-27,EUR
TXN00973,185,4121.14,2025-01-01,EUR
TXN00974,134,1643.73,2025-01-27,EUR
TXN00975,137,1512.86,2025-04-15,EUR
TXN00976,185,1262.19,2025-02-09,EUR
TXN00977,111,136.67,2025-01-11,EUR
TXN00978,106,4033.06,2025-03-08,EUR
TXN00979,149,1467.86,2025-01-26,EUR
TXN00980,111,2530.51,2025-03-30,EUR
TXN00981,188,1212.12,2025-03-11,EUR
TXN00982,172,683.95,2025-03-27,EUR
TXN00983,105,3969.75,2025-06-21,EUR
TXN00984,136,2237.3,2025-03-05,EUR
TXN00985,159,3697.88,2025-04-15,EUR
TXN00986,179,3574.25,2025-04-22,EUR
TXN00987,185,2309.37,2025-05-27,EUR
TXN00988,167,2083.27,2025-03-05,EUR
TXN00989,144,34.55,2025-04-19,EUR
TXN00990,179,2180.97,2025-06-24,EUR
TXN00991,198,3196.12,2025-05-31,EUR
TXN00992,169,1736.5,2025-04-20,EUR
TXN00993,113,395.12,2025-05-03,EUR
TXN00994,121,411.42,2025-02-13,EUR
TXN00995,179,4861.49,2025-03-19,EUR
TXN00996,195,2568.67,2025-05-06,EUR
TXN00997,182,3574.17,2025-03-30,EUR
TXN00998,192,3909.16,2025-05-06,EUR
TXN00999,188,224.55,2025-03-10,EUR
TXN01000,161,4462.29,2025-04-11,EUR
TXN01001,147,4808.5,2025-04-08,EUR
TXN01002,110,886.45,2025-01-21,EUR
TXN01003,145,2082.93,2025-03-03,EUR
TXN01004,142,4979.0,2025-03-28,EUR
TXN01005,190,3067.13,2025-05-20,EUR
TXN01006,196,3436.73,2025-06-17,EUR
TXN01007,123,4317.81,2025-02-25,EUR
TXN01008,103,1573.3,2025-01-23,EUR
TXN01009,127,4159.42,2025-05-10,EUR
TXN01010,122,4323.55,2025-01-17,EUR
TXN01011,195,2679.94,2025-03-28,EUR
TXN01012,194,3345.02,2025-04-15,EUR
TXN01013,113,686.24,2025-04-26,EUR
TXN01014,181,3910.5,2025-01-16,EUR
TXN01015,189,3330.59,2025-03-02,EUR
TXN01016,160,1440.01,2025-05-25,EUR
TXN01017,104,2022.21,2025-04-02,EUR
TXN01018,114,254.22,2025-04-06,EUR
TXN01019,171,892.17,2025-01-01,EUR
TXN01020,107,2396.19,2025-01-29,EUR
TXN01021,148,3378.71,2025-02-08,EUR
TXN01022,120,2435.43,2025-05-28,EUR
TXN01023,175,4355.46,2025-05-15,EUR
TXN01024,176,2131.99,2025-05-05,EUR
TXN01025,158,3432.07,2025-01-26,EUR
TXN01026,173,3689.37,2025-01-19,EUR
TXN01027,193,559.82,2025-01-25,EUR
TXN01028,173,3330.37,2025-05-09,EUR
TXN01029,105,4140.87,2025-01-15,EUR
TXN01030,126,1629.36,2025-03-02,EUR
TXN01031,142,1942.38,2025-05-24,EUR
TXN01032,169,3900.52,2025-02-19,EUR
TXN01033,133,4860.85,2025-03-04,EUR
TXN01034,121,4081.27,2025-05-02,EUR
TXN01035,177,1789.47,2025-05-18,EUR
TXN01036,150,1875.72,2025-05-08,EUR
TXN01037,168,4434.55,2025-03-06,EUR
TXN01038,158,1897.76,2025-05-04,EUR
TXN01039,189,2206.33,2025-03-06,EUR
TXN01040,130,4332.07,2025-05-15,EUR
TXN01041,138,3392.27,2025-02-13,EUR
TXN01042,148,575.69,2025-06-29,EUR
TXN01043,137,4884.22,2025-06-18,EUR
TXN01044,109,4380.83,2025-03-11,EUR
TXN01045,173,2038.0,2025-02-19,EUR
TXN01046,158,3310.0,2025-04-26,EUR
TXN01047,163,2967.89,2025-06-03,EUR
TXN01048,163,452.3,2025-04-25,EUR
TXN01049,189,3558.49,2025-06-13,EUR
TXN01050,147,2763.25,2025-01-14,EUR
TXN01051,166,1604.7,2025-04-15,EUR
TXN01052,185,2275.38,2025-06-12,EUR
TXN01053,190,3651.33,2025-02-25,EUR
TXN01054,163,4336.25,2025-04-25,EUR
TXN01055,152,400.86,2025-04-21,EUR
TXN01056,108,743.89,2025-04-04,EUR
TXN01057,195,1824.17,2025-01-14,EUR
TXN01058,114,2094.21,2025-06-10,EUR
TXN01059,139,3452.12,2025-04-27,EUR
TXN01060,161,1731.67,2025-06-30,EUR
TXN01061,140,2202.21,2025-03-16,EUR
TXN01062,180,3562.28,2025-01-19,EUR
TXN01063,113,4401.5,2025-03-30,EUR
TXN01064,193,4832.14,2025-01-28,EUR
TXN01065,182,3518.22,2025-05-06,EUR
TXN01066,191,3205.98,2025-04-21,EUR
TXN01067,125,498.89,2025-05-24,EUR
TXN01068,107,3862.93,2025-05-09,EUR
TXN01069,165,1930.59,2025-04-04,EUR
TXN01070,126,785.26,2025-04-21,EUR
TXN01071,144,679.66,2025-02-10,EUR
TXN01072,179,4216.58,2025-05-24,EUR
TXN01073,153,1806.87,2025-01-05,EUR
TXN01074,137,3824.96,2025-04-09,EUR
TXN01075,168,3255.2,2025-02-03,EUR
TXN01076,188,2612.52,2025-05-07,EUR
TXN01077,119,3928.07,2025-03-18,EUR
TXN01078,101,4576.0,2025-06-04,EUR
TXN01079,119,1223.06,2025-03-08,EUR
TXN01080,132,3461.87,2025-02-03,EUR
TXN01081,190,133.94,2025-04-29,EUR
TXN01082,158,1117.25,2025-02-26,EUR
TXN01083,175,3858.35,2025-01-16,EUR
TXN01084,112,1791.3,2025-02-16,EUR
TXN01085,197,2512.86,2025-03-20,EUR
TXN01086,161,997.31,2025-05-17,EUR
TXN01087,172,3329.58,2025-02-17,EUR
TXN01088,195,1219.78,2025-05-07,EUR
TXN01089,184,1921.46,2025-04-12,EUR
TXN01090,175,2526.34,2025-04-04,EUR
TXN01091,108,3156.43,2025-01-27,EUR
TXN01092,144,531.79,2025-04-11,EUR
TXN01093,123,104.9,2025-05-02,EUR
TXN01094,179,3747.56,2025-04-29,EUR
TXN01095,166,903.25,2025-01-22,EUR
TXN01096,136,2145.72,2025-03-06,EUR
TXN01097,172,78.66,2025-05-27,EUR
TXN01098,164,3685.99,2025-03-11,EUR
TXN01099,185,4143.14,2025-06-18,EUR
TXN01100,194,4748.16,2025-03-28,EUR
TXN01101,134,4043.98,2025-02-13,EUR
TXN01102,186,3927.57,2025-05-28,EUR
TXN01103,141,4950.6,2025-02-13,EUR
TXN01104,146,1235.24,2025-04-06,EUR
TXN01105,122,3739.36,2025-01-26,EUR
TXN01106,101,1782.8,2025-05-05,EUR
TXN01107,101,3788.45,2025-06-18,EUR
TXN01108,130,922.2,2025-04-28,EUR
TXN01109,143,4564.62,2025-02-17,EUR
TXN01110,196,2467.89,2025-05-13,EUR
TXN01111,158,4127.74,2025-02-16,EUR
TXN01112,135,2324.13,2025-01-21,EUR
TXN01113,179,817.44,2025-05-11,EUR
TXN01114,135,2832.89,2025-03-13,EUR
TXN01115,179,4252.98,2025-05-11,EUR
TXN01116,104,1377.14,2025-02-19,EUR
TXN01117,131,4515.69,2025-06-08,EUR
TXN01118,167,3996.18,2025-06-08,EUR
TXN01119,184,1541.72,2025-01-22,EUR
TXN01120,149,383.05,2025-05-27,EUR
TXN01121,101,959.45,2025-05-26,EUR
TXN01122,121,3094.86,2025-01-09,EUR
TXN01123,117,2980.41,2025-05-19,EUR
TXN01124,144,3519.38,2025-02-25,EUR
TXN01125,164,1324.34,2025-01-16,EUR
TXN01126,195,2617.14,2025-03-16,EUR
TXN01127,111,4845.23,2025-06-15,EUR
TXN01128,165,3803.64,2025-01-28,EUR
TXN01129,130,3711.66,2025-05-28,EUR
TXN01130,191,2780.62,2025-04-17,EUR
TXN01131,162,2157.58,2025-01-30,EUR
TXN01132,139,2289.59,2025-01-17,EUR
TXN01133,135,3208.87,2025-04-12,EUR
TXN01134,179,4702.06,2025-06-05,EUR
TXN01135,164,4918.36,2025-05-13,EUR
TXN01136,189,4386.96,2025-06-28,EUR
TXN01137,120,248.39,2025-02-19,EUR
TXN01138,170,1319.98,2025-03-23,EUR
TXN01139,126,1728.07,2025-06-22,EUR
TXN01140,103,2741.96,2025-02-02,EUR
TXN01141,120,2958.17,2025-06-10,EUR
TXN01142,181,3643.26,2025-04-16,EUR
TXN01143,168,3609.42,2025-02-26,EUR
TXN01144,170,1119.63,2025-04-26,EUR
TXN01145,184,3409.7,2025-06-09,EUR
TXN01146,193,4012.16,2025-06-19,EUR
TXN01147,162,662.25,2025-06-09,EUR
TXN01148,126,4888.92,2025-06-13,EUR
TXN01149,128,4625.77,2025-03-15,EUR
TXN01150,168,4686.94,2025-03-03,EUR
TXN01151,192,922.67,2025-03-07,EUR
TXN01152,154,114.7,2025-02-18,EUR
TXN01153,187,3755.84,2025-01-09,EUR
TXN01154,152,4858.89,2025-06-19,EUR
TXN01155,200,4360.19,2025-03-11,EUR
TXN01156,160,1330.79,2025-04-11,EUR
TXN01157,121,4075.21,2025-06-29,EUR
TXN01158,148,4475.08,2025-03-26,EUR
TXN01159,158,745.99,2025-02-10,EUR
TXN01160,121,2938.93,2025-02-20,EUR
TXN01161,173,176.9,2025-04-11,EUR
TXN01162,146,381.3,2025-06-07,EUR
TXN01163,186,256.52,2025-01-27,EUR
TXN01164,155,335.55,2025-05-08,EUR
TXN01165,137,1807.69,2025-01-31,EUR
TXN01166,102,3680.44,2025-02-02,EUR
TXN01167,122,699.62,2025-03-11,EUR
TXN01168,175,2538.28,2025-03-06,EUR
TXN01169,102,3514.17,2025-01-02,EUR
TXN01170,138,1986.52,2025-03-01,EUR
TXN01171,193,1670.99,2025-06-18,EUR
TXN01172,106,478.26,2025-04-07,EUR
TXN01173,158,4755.86,2025-03-24,EUR
TXN01174,197,425.35,2025-06-23,EUR
TXN01175,152,2472.89,2025-02-06,EUR
TXN01176,123,3035.78,2025-06-22,EUR
TXN01177,101,3878.49,2025-02-11,EUR
TXN01178,119,1859.48,2025-03-13,EUR
TXN01179,176,3949.37,2025-03-08,EUR
TXN01180,125,3555.62,2025-05-18,EUR
TXN01181,141,716.73,2025-01-16,EUR
TXN01182,114,927.82,2025-06-12,EUR
TXN01183,175,840.4,2025-01-22,EUR
TXN01184,193,3041.63,2025-06-22,EUR
TXN01185,142,3435.43,2025-03-09,EUR
TXN01186,138,4874.02,2025-06-25,EUR
TXN01187,187,3898.03,2025-04-28,EUR
TXN01188,189,1366.34,2025-02-08,EUR
TXN01189,194,2916.42,2025-01-20,EUR
TXN01190,160,2512.9,2025-04-13,EUR
TXN01191,170,680.83,2025-03-08,EUR
TXN01192,119,3058.96,2025-02-27,EUR
TXN01193,123,142.83,2025-03-11,EUR
TXN01194,124,254.11,2025-01-09,EUR
TXN01195,169,2449.24,2025-05-28,EUR
TXN01196,177,4090.05,2025-02-11,EUR
TXN01197,141,1443.5,2025-06-05,EUR
TXN01198,125,3876.71,2025-02-25,EUR
TXN01199,171,1651.81,2025-01-03,EUR
TXN01200,168,4585.95,2025-03-16,EUR
TXN01201,112,3561.89,2025-02-06,EUR
TXN01202,193,4488.38,2025-04-24,EUR
TXN01203,191,3431.58,2025-03-02,EUR
TXN01204,104,330.94,2025-04-29,EUR
TXN01205,192,3798.11,2025-06-26,EUR
TXN01206,130,386.11,2025-03-25,EUR
TXN01207,150,1934.07,2025-06-14,EUR
TXN01208,152,1056.1,2025-06-14,EUR
TXN01209,120,2629.65,2025-04-19,EUR
TXN01210,133,4751.78,2025-04-08,EUR
TXN01211,187,4067.7,2025-01-26,EUR
TXN01212,110,873.88,2025-01-13,EUR
TXN01213,138,3507.19,2025-06-26,EUR
TXN01214,109,4881.51,2025-01-21,EUR
TXN01215,105,283.09,2025-03-30,EUR
TXN01216,140,2906.56,2025-04-11,EUR
TXN01217,113,1680.16,2025-06-18,EUR
TXN01218,156,3271.39,2025-01-07,EUR
TXN01219,115,3382.55,2025-02-12,EUR
TXN01220,126,791.88,2025-04-16,EUR
TXN01221,160,4257.14,2025-04-28,EUR
TXN01222,105,4844.35,2025-05-15,EUR
TXN01223,118,641.47,2025-03-11,EUR
TXN01224,110,920.96,2025-06-02,EUR
TXN01225,139,2345.11,2025-01-31,EUR
TXN01226,143,753.65,2025-05-28,EUR
TXN01227,181,2407.14,2025-05-18,EUR
TXN01228,120,3860.76,2025-01-18,EUR
TXN01229,118,220.97,2025-03-08,EUR
TXN01230,126,3250.13,2025-02-07,EUR
TXN01231,151,3979.15,2025-03-11,EUR
TXN01232,141,3764.1,2025-06-28,EUR
TXN01233,164,1645.52,2025-02-25,EUR
TXN01234,190,4182.93,2025-02-05,EUR
TXN01235,130,3563.81,2025-06-09,EUR
TXN01236,105,4627.26,2025-02-11,EUR
TXN01237,170,1618.61,2025-06-25,EUR
TXN01238,163,4569.25,2025-04-27,EUR
TXN01239,140,2099.76,2025-03-30,EUR
TXN01240,150,1371.09,2025-04-22,EUR
TXN01241,119,2180.03,2025-03-09,EUR
TXN01242,123,529.24,2025-06-11,EUR
TXN01243,151,1615.92,2025-04-24,EUR
TXN01244,126,2096.19,2025-06-20,EUR
TXN01245,109,834.18,2025-05-03,EUR
TXN01246,182,2764.9,2025-04-14,EUR
TXN01247,167,1026.76,2025-02-20,EUR
TXN01248,122,2685.72,2025-05-06,EUR
TXN01249,174,2394.95,2025-01-15,EUR
TXN01250,121,3680.88,2025-03-01,EUR
TXN01251,188,3114.07,2025-03-28,EUR
TXN01252,159,4577.99,2025-01-05,EUR
TXN01253,111,1829.86,2025-02-08,EUR
TXN01254,172,576.42,2025-02-22,EUR
TXN01255,183,984.25,2025-04-05,EUR
TXN01256,145,3041.76,2025-01-11,EUR
TXN01257,157,2388.64,2025-05-25,EUR
TXN01258,134,658.92,2025-04-27,EUR
TXN01259,144,3188.76,2025-06-16,EUR
TXN01260,168,303.76,2025-02-21,EUR
TXN01261,192,4190.23,2025-02-24,EUR
TXN01262,125,2566.08,2025-04-12,EUR
TXN01263,167,2349.52,2025-01-25,EUR
TXN01264,173,4293.28,2025-03-31,EUR
TXN01265,130,551.22,2025-02-18,EUR
TXN01266,189,224.44,2025-03-28,EUR
TXN01267,182,1766.39,2025-05-04,EUR
TXN01268,108,3569.06,2025-04-07,EUR
TXN01269,151,4168.49,2025-01-23,EUR
TXN01270,190,4871.78,2025-06-09,EUR
TXN01271,191,1666.67,2025-04-26,EUR
TXN01272,126,2896.31,2025-04-25,EUR
TXN01273,178,727.23,2025-02-27,EUR
TXN01274,147,3617.21,2025-04-20,EUR
TXN01275,111,4186.23,2025-04-20,EUR
TXN01276,129,4719.13,2025-03-01,EUR
TXN01277,196,2806.82,2025-06-21,EUR
TXN01278,176,4409.87,2025-01-17,EUR
TXN01279,106,3038.19,2025-05-12,EUR
TXN01280,125,2336.6,2025-03-21,EUR
TXN01281,166,627.1,2025-03-30,EUR
TXN01282,126,2362.75,2025-03-29,EUR
TXN01283,126,842.46,2025-06-25,EUR
TXN01284,183,3077.75,2025-02-11,EUR
TXN01285,157,4016.45,2025-06-19,EUR
TXN01286,116,1665.36,2025-01-30,EUR
TXN01287,164,2434.67,2025-03-08,EUR
TXN01288,108,3737.62,2025-03-12,EUR
TXN01289,163,615.77,2025-03-14,EUR
TXN01290,165,3654.21,2025-04-07,EUR
TXN01291,105,4213.37,2025-04-09,EUR
TXN01292,126,2891.3,2025-05-15,EUR
TXN01293,194,187.58,2025-04-06,EUR
TXN01294,167,2996.56,2025-04-16,EUR
TXN01295,117,2843.0,2025-04-21,EUR
TXN01296,106,212.11,2025-01-11,EUR
TXN01297,130,172.29,2025-05-08,EUR
TXN01298,190,2676.51,2025-03-08,EUR
TXN01299,176,4749.0,2025-06-20,EUR
TXN01300,116,903.82,2025-03-31,EUR
TXN01301,113,2754.33,2025-02-09,EUR
TXN01302,113,3062.53,2025-05-24,EUR
TXN01303,156,83.59,2025-04-29,EUR
TXN01304,169,2599.58,2025-03-13,EUR
TXN01305,142,3220.05,2025-06-08,EUR
TXN01306,126,166.29,2025-02-08,EUR
TXN01307,155,1467.22,2025-06-09,EUR
TXN01308,121,3835.39,2025-02-21,EUR
TXN01309,134,1060.18,2025-01-11,EUR
TXN01310,196,33.84,2025-05-13,EUR
TXN01311,177,2340.01,2025-01-08,EUR
TXN01312,135,2678.31,2025-05-26,EUR
TXN01313,118,3335.27,2025-02-24,EUR
TXN01314,113,3447.13,2025-06-26,EUR
TXN01315,154,2176.03,2025-06-29,EUR
TXN01316,113,1815.42,2025-03-18,EUR
TXN01317,169,240.28,2025-04-03,EUR
TXN01318,182,4194.79,2025-01-03,EUR
TXN01319,160,1839.29,2025-04-01,EUR
TXN01320,164,1821.64,2025-06-08,EUR
TXN01321,129,976.16,2025-01-31,EUR
TXN01322,174,1851.12,2025-03-28,EUR
TXN01323,189,3522.07,2025-05-13,EUR
TXN01324,135,607.41,2025-01-18,EUR
TXN01325,130,1552.74,2025-03-16,EUR
TXN01326,161,2185.76,2025-05-28,EUR
TXN01327,161,4490.42,2025-04-29,EUR
TXN01328,120,4249.38,2025-02-23,EUR
TXN01329,142,2717.8,2025-06-22,EUR
TXN01330,155,4997.46,2025-04-26,EUR
TXN01331,163,2251.6,2025-04-23,EUR
TXN01332,169,19.72,2025-03-23,EUR
TXN01333,188,1617.29,2025-04-06,EUR
TXN01334,195,1579.07,2025-04-02,EUR
TXN01335,119,3401.3,2025-01-20,EUR
TXN01336,148,4536.99,2025-01-29,EUR
TXN01337,123,2521.63,2025-01-22,EUR
TXN01338,148,3058.96,2025-02-10,EUR
TXN01339,199,1558.9,2025-01-14,EUR
TXN01340,176,3153.02,2025-03-02,EUR
TXN01341,115,3274.51,2025-01-14,EUR
TXN01342,120,1357.04,2025-06-14,EUR
TXN01343,164,3818.67,2025-06-05,EUR
TXN01344,134,2809.45,2025-05-03,EUR
TXN01345,184,3499.42,2025-01-15,EUR
TXN01346,106,2426.14,2025-01-23,EUR
TXN01347,102,4971.73,2025-03-04,EUR
TXN01348,193,1090.56,2025-02-13,EUR
TXN01349,148,4255.59,2025-01-21,EUR
TXN01350,183,1177.96,2025-03-27,EUR
TXN01351,183,2398.49,2025-01-09,EUR
TXN01352,174,59.79,2025-03-13,EUR
TXN01353,140,1867.32,2025-05-10,EUR
TXN01354,156,3930.53,2025-03-27,EUR
TXN01355,153,1298.35,2025-01-02,EUR
TXN01356,119,215.94,2025-05-13,EUR
TXN01357,193,4112.13,2025-01-17,EUR
TXN01358,173,3642.96,2025-03-20,EUR
TXN01359,176,3359.02,2025-03-23,EUR
TXN01360,132,4189.95,2025-05-07,EUR
TXN01361,152,3287.3,2025-03-19,EUR
TXN01362,132,371.53,2025-06-03,EUR
TXN01363,116,2956.07,2025-02-07,EUR
TXN01364,124,1160.78,2025-06-01,EUR
TXN01365,123,734.6,2025-05-23,EUR
TXN01366,138,627.79,2025-01-26,EUR
TXN01367,125,3251.58,2025-06-20,EUR
TXN01368,179,3683.59,2025-01-25,EUR
TXN01369,127,2922.85,2025-06-02,EUR
TXN01370,142,4716.02,2025-04-30,EUR
TXN01371,119,2372.97,2025-02-09,EUR
TXN01372,177,978.93,2025-04-01,EUR
TXN01373,175,1455.48,2025-04-25,EUR
TXN01374,149,1254.81,2025-06-18,EUR
TXN01375,198,2017.95,2025-01-05,EUR
TXN01376,163,4673.54,2025-04-30,EUR
TXN01377,105,2476.74,2025-06-02,EUR
TXN01378,156,2157.38,2025-04-02,EUR
TXN01379,111,4185.82,2025-03-14,EUR
TXN01380,108,370.73,2025-01-28,EUR
TXN01381,156,1606.96,2025-06-07,EUR
TXN01382,104,4981.95,2025-02-02,EUR
TXN01383,170,3730.56,2025-06-27,EUR
TXN01384,183,82.13,2025-01-07,EUR
TXN01385,171,4777.26,2025-03-08,EUR
TXN01386,200,2254.97,2025-02-10,EUR
TXN01387,109,2181.14,2025-04-04,EUR
TXN01388,117,4206.18,2025-03-15,EUR
TXN01389,144,4424.55,2025-03-19,EUR
TXN01390,130,3481.73,2025-02-12,EUR
TXN01391,147,1442.12,2025-03-09,EUR
TXN01392,183,1892.67,2025-02-25,EUR
TXN01393,186,3586.52,2025-05-17,EUR
TXN01394,106,1869.0,2025-01-06,EUR
TXN01395,193,530.43,2025-06-10,EUR
TXN01396,172,1506.0,2025-06-21,EUR
TXN01397,128,4085.48,2025-01-19,EUR
TXN01398,154,1404.75,2025-01-17,EUR
TXN01399,105,2212.09,2025-01-30,EUR
TXN01400,135,58.88,2025-06-15,EUR
TXN01401,168,4250.19,2025-02-19,EUR
TXN01402,109,1023.41,2025-04-12,EUR
TXN01403,164,1781.89,2025-01-10,EUR
TXN01404,159,111.85,2025-04-20,EUR
TXN01405,123,1542.46,2025-04-12,EUR
TXN01406,119,3673.01,2025-03-28,EUR
TXN01407,193,728.32,2025-03-09,EUR
TXN01408,136,1688.39,2025-05-30,EUR
TXN01409,101,2913.86,2025-03-11,EUR
TXN01410,180,2245.12,2025-04-16,EUR
TXN01411,153,3221.22,2025-01-25,EUR
TXN01412,113,4765.01,2025-04-15,EUR
TXN01413,103,2905.24,2025-05-09,EUR
TXN01414,143,3204.27,2025-01-04,EUR
TXN01415,102,402.33,2025-06-04,EUR
TXN01416,106,1872.53,2025-02-19,EUR
TXN01417,125,3997.43,2025-05-16,EUR
TXN01418,170,4909.76,2025-05-21,EUR
TXN01419,190,3624.65,2025-05-07,EUR
TXN01420,170,1466.09,2025-01-09,EUR
TXN01421,187,3835.39,2025-05-16,EUR
TXN01422,190,983.0,2025-03-31,EUR
TXN01423,173,3653.04,2025-01-21,EUR
TXN01424,142,3228.41,2025-03-05,EUR
TXN01425,163,2901.24,2025-01-18,EUR
TXN01426,115,2655.88,2025-05-07,EUR
TXN01427,171,1256.48,2025-01-05,EUR
TXN01428,138,476.13,2025-02-06,EUR
TXN01429,190,4889.52,2025-05-23,EUR
TXN01430,152,4338.81,2025-01-20,EUR
TXN01431,174,1441.93,2025-03-22,EUR
TXN01432,120,791.72,2025-02-19,EUR
TXN01433,161,2053.99,2025-01-23,EUR
TXN01434,141,2024.71,2025-06-23,EUR
TXN01435,160,4528.55,2025-05-04,EUR
TXN01436,135,3522.73,2025-01-28,EUR
TXN01437,163,707.53,2025-05-08,EUR
TXN01438,124,4408.82,2025-06-12,EUR
TXN01439,101,214.61,2025-04-03,EUR
TXN01440,191,1980.65,2025-04-04,EUR
TXN01441,179,950.74,2025-02-11,EUR
TXN01442,196,929.45,2025-06-23,EUR
TXN01443,177,39.61,2025-01-18,EUR
TXN01444,193,3961.9,2025-01-17,EUR
TXN01445,185,3457.34,2025-02-07,EUR
TXN01446,198,3974.01,2025-03-16,EUR
TXN01447,198,3734.92,2025-01-24,EUR
TXN01448,152,405.83,2025-03-08,EUR
TXN01449,145,2300.59,2025-02-11,EUR
TXN01450,200,2669.47,2025-02-15,EUR
TXN01451,160,3878.56,2025-04-22,EUR
TXN01452,134,1035.57,2025-03-23,EUR
TXN01453,150,1991.8,2025-02-03,EUR
TXN01454,175,4341.7,2025-04-20,EUR
TXN01455,129,1299.69,2025-02-25,EUR
TXN01456,137,1915.61,2025-02-23,EUR
TXN01457,106,243.78,2025-06-21,EUR
TXN01458,137,4168.73,2025-02-14,EUR
TXN01459,174,1128.14,2025-03-21,EUR
TXN01460,187,3230.84,2025-04-03,EUR
TXN01461,189,1352.53,2025-04-27,EUR
TXN01462,184,669.43,2025-02-26,EUR
TXN01463,190,1148.84,2025-01-05,EUR
TXN01464,150,90.08,2025-05-05,EUR
TXN01465,177,2630.57,2025-01-02,EUR
TXN01466,151,4154.94,2025-03-15,EUR
TXN01467,159,4912.69,2025-01-05,EUR
TXN01468,184,4988.03,2025-05-06,EUR
TXN01469,104,3275.06,2025-03-07,EUR
TXN01470,176,3640.95,2025-05-21,EUR
TXN01471,169,248.74,2025-03-15,EUR
TXN01472,148,3551.15,2025-01-22,EUR
TXN01473,138,1348.71,2025-03-03,EUR
TXN01474,161,1843.28,2025-04-10,EUR
TXN01475,189,2873.09,2025-04-13,EUR
TXN01476,102,3477.86,2025-02-17,EUR
TXN01477,186,558.91,2025-03-12,EUR
TXN01478,138,1412.44,2025-03-02,EUR
TXN01479,126,3109.38,2025-05-21,EUR
TXN01480,199,2238.42,2025-05-09,EUR
TXN01481,179,1181.76,2025-06-21,EUR
TXN01482,101,4528.6,2025-05-05,EUR
TXN01483,165,1926.89,2025-03-04,EUR
TXN01484,108,3952.14,2025-05-30,EUR
TXN01485,167,421.66,2025-01-14,EUR
TXN01486,138,16.74,2025-06-03,EUR
TXN01487,176,2105.84,2025-02-15,EUR
TXN01488,161,4187.21,2025-05-23,EUR
TXN01489,190,4156.45,2025-02-21,EUR
TXN01490,117,1581.09,2025-02-06,EUR
TXN01491,119,4349.38,2025-04-01,EUR
TXN01492,180,3745.59,2025-02-09,EUR
TXN01493,112,3555.15,2025-06-16,EUR
TXN01494,156,1200.02,2025-04-15,EUR
TXN01495,169,210.41,2025-03-14,EUR
TXN01496,182,1495.24,2025-03-28,EUR
TXN01497,191,1575.01,2025-01-03,EUR
TXN01498,133,444.86,2025-01-30,EUR
TXN01499,156,3682.71,2025-06-18,EUR
TXN01500,180,1856.34,2025-02-08,EUR
