user_id,name,status,updated_at
101,Vikas,Active,2025-05-13
102,Dev,Active,2025-01-02
103,Aakash,Inactive,2025-06-19
104,Priya,Active,2025-06-19
105,Amit,Active,2025-05-05
106,Karan,Inactive,2025-03-11
107,Ritika,Inactive,2025-05-18
108,Isha,Inactive,2025-05-18
109,Aakash,Active,2025-01-19
110,Karan,Inactive,2025-03-22
111,Priya,Active,2025-06-12
112,Rahul,Active,2025-03-25
113,Meera,Active,2025-04-29
114,Manav,Inactive,2025-04-28
115,Kriti,Active,2025-02-20
116,Rohan,Active,2025-01-11
117,Nisha,Inactive,2025-05-25
118,Sneha,Active,2025-03-24
119,Karan,Inactive,2025-01-05
120,Amit,Inactive,2025-01-23
121,Manav,Active,2025-06-20
122,Rahul,Active,2025-04-30
123,Manav,Active,2025-06-21
124,Meera,Inactive,2025-01-29
125,Ritika,Active,2025-03-08
126,Nisha,Inactive,2025-04-28
127,Isha,Inactive,2025-04-05
128,Vikas,Inactive,2025-01-11
129,Pooja,Inactive,2025-01-28
130,Aakash,Inactive,2025-06-17
131,Vikas,Active,2025-02-02
132,Amit,Inactive,2025-04-26
133,Meera,Inactive,2025-01-20
134,Isha,Active,2025-03-11
135,Rahul,Active,2025-03-17
136,Anjali,Inactive,2025-01-03
137,Aakash,Inactive,2025-03-14
138,Vikas,Active,2025-05-24
139,Ritika,Active,2025-03-30
140,Amit,Active,2025-04-18
141,Ritika,Active,2025-05-02
142,Amit,Inactive,2025-03-20
143,Meera,Inactive,2025-05-22
144,Yash,Active,2025-03-26
145,Isha,Active,2025-03-04
146,Nisha,Inactive,2025-06-23
147,Nisha,Active,2025-06-15
148,Neha,Inactive,2025-02-15
149,Manav,Active,2025-03-16
150,Anjali,Active,2025-04-28
151,Kriti,Active,2025-02-09
152,Vikas,Inactive,2025-03-17
153,Arjun,Inactive,2025-04-06
154,Rohan,Inactive,2025-04-09
155,Karan,Active,2025-03-28
156,Meera,Active,2025-03-02
157,Arjun,Active,2025-05-21
158,Yash,Active,2025-03-07
159,Arjun,Active,2025-04-03
160,Arjun,Active,2025-05-06
161,Aakash,Active,2025-01-09
162,Karan,Active,2025-06-23
163,Rahul,Active,2025-03-21
164,Dev,Inactive,2025-03-03
165,Karan,Inactive,2025-02-19
166,Arjun,Active,2025-03-10
167,Pooja,Active,2025-01-08
168,Sneha,Inactive,2025-06-28
169,Neha,Active,2025-01-21
170,Neha,Active,2025-06-28
171,Pooja,Inactive,2025-03-06
172,Yash,Active,2025-06-05
173,Dev,Active,2025-04-19
174,Pooja,Active,2025-04-20
175,Isha,Inactive,2025-03-23
176,Karan,Active,2025-03-21
177,Sneha,Inactive,2025-02-14
178,Vikas,Active,2025-05-10
179,Dev,Inactive,2025-03-04
180,Rahul,Active,2025-05-26
181,Rahul,Active,2025-05-21
182,Amit,Active,2025-06-28
183,Nisha,Active,2025-01-11
184,Meera,Inactive,2025-06-02
185,Rahul,Inactive,2025-02-04
186,Pooja,Inactive,2025-06-26
187,Ritika,Inactive,2025-05-31
188,Amit,Active,2025-03-20
189,Yash,Inactive,2025-04-10
190,Karan,Inactive,2025-03-07
191,Rohan,Inactive,2025-02-15
192,Isha,Inactive,2025-06-03
193,Kriti,Active,2025-06-12
194,Aakash,Inactive,2025-02-24
195,Karan,Active,2025-02-09
196,Nisha,Inactive,2025-04-24
197,Aakash,Active,2025-06-05
198,Priya,Inactive,2025-06-02
199,Aakash,Active,2025-04-17
200,Karan,Inactive,2025-03-01
